{
  "metric": "revenue",
  "model": "prophet",
  "model_version": "v1",
  "training_months": 35,
  "forecast_horizon_months": 6,
  "anomaly_threshold_pct": 15.0,
  "anomalous_months": [
    "2024-08",
    "2024-09",
    "2024-11"
  ],
  "backtest_mae": 132735.4147227804,
  "backtest_mape": 0.035755639816510434,
  "cv_rmse_mean": 1070580.0350536252,
  "cv_mape_mean": 0.4205309846332659
}